{"cameraMode":{"drawMode":0,"name":"Shaded","section":"Shading Mode"},"sceneLighting":true,"audioPlay":false,"sceneViewState":{"showFog":true,"showMaterialUpdate":false,"showSkybox":true,"showFlares":true,"showImageEffects":true,"showParticleSystems":true},"in2DMode":false,"pivot":{"x":-4.895529747009277,"y":3.5666003227233888,"z":-0.5162533521652222},"rotation":{"x":0.2172185331583023,"y":0.5870921015739441,"z":-0.16742384433746339,"w":0.7616634964942932},"size":0.19999998807907105,"orthographic":false}