{"cameraMode":{"drawMode":0,"name":"Shaded","section":"Shading Mode"},"sceneLighting":true,"audioPlay":false,"sceneViewState":{"showFog":true,"showMaterialUpdate":false,"showSkybox":true,"showFlares":true,"showImageEffects":true,"showParticleSystems":true},"in2DMode":false,"pivot":{"x":-3.380821466445923,"y":-3.4694936275482179,"z":-2.5965077877044679},"rotation":{"x":-0.2646893560886383,"y":0.6937257647514343,"z":-0.30877968668937685,"w":-0.5945367217063904},"size":7.071067810058594,"orthographic":false}