{"cameraMode":{"drawMode":0,"name":"Shaded","section":"Shading Mode"},"sceneLighting":true,"audioPlay":false,"sceneViewState":{"showFog":true,"showMaterialUpdate":false,"showSkybox":false,"showFlares":true,"showImageEffects":true,"showParticleSystems":true},"in2DMode":false,"pivot":{"x":2.772944927215576,"y":7.271128177642822,"z":11.238408088684082},"rotation":{"x":-0.006079877261072397,"y":0.983123779296875,"z":-0.18374763429164887,"w":-0.02251438982784748},"size":4.849742412567139,"orthographic":false}