{"cameraMode":{"drawMode":0,"name":"Shaded","section":"Shading Mode"},"sceneLighting":false,"audioPlay":false,"sceneViewState":{"showFog":true,"showMaterialUpdate":false,"showSkybox":false,"showFlares":true,"showImageEffects":true,"showParticleSystems":true},"in2DMode":false,"pivot":{"x":1.0406521558761597,"y":0.8376505970954895,"z":0.46742722392082217},"rotation":{"x":-0.2267014980316162,"y":0.7027303576469421,"z":-0.25153517723083498,"w":-0.6262962818145752},"size":0.6856808066368103,"orthographic":false}