{"cameraMode":{"drawMode":0,"name":"Shaded","section":"Shading Mode"},"sceneLighting":true,"audioPlay":false,"sceneViewState":{"showFog":true,"showMaterialUpdate":false,"showSkybox":true,"showFlares":true,"showImageEffects":true,"showParticleSystems":true},"in2DMode":false,"pivot":{"x":0.9298665523529053,"y":3.4855518341064455,"z":-5.518451690673828},"rotation":{"x":-0.2710282802581787,"y":0.39342713356018069,"z":-0.09835535287857056,"w":-0.8844984173774719},"size":2.0595664978027345,"orthographic":false}