{"cameraMode":{"drawMode":0,"name":"Shaded","section":"Shading Mode"},"sceneLighting":false,"audioPlay":false,"sceneViewState":{"showFog":true,"showMaterialUpdate":false,"showSkybox":false,"showFlares":true,"showImageEffects":true,"showParticleSystems":true},"in2DMode":false,"pivot":{"x":4.079400539398193,"y":-10.962650299072266,"z":-5.366078853607178},"rotation":{"x":-0.040811482816934589,"y":-0.9333233833312988,"z":0.3388976752758026,"w":-0.11226606369018555},"size":20.387094497680665,"orthographic":false}