{"cameraMode":{"drawMode":0,"name":"Shaded","section":"Shading Mode"},"sceneLighting":true,"audioPlay":false,"sceneViewState":{"showFog":true,"showMaterialUpdate":false,"showSkybox":true,"showFlares":true,"showImageEffects":true,"showParticleSystems":true},"in2DMode":false,"pivot":{"x":10.057160377502442,"y":11.002811431884766,"z":6.7187652587890629},"rotation":{"x":0.03536837175488472,"y":-0.9602891206741333,"z":0.236864373087883,"w":0.1439637839794159},"size":10.0,"orthographic":false}